road,chainage,lrp,lat,lon,gap,type,name
N1,0,LRPS,23.7060278,90.443333,,Others,Start of Road  after Jatrabari Flyover infront of filling station.
N1,0.814,LRPSa,23.7029167,90.4504167,,Culvert,Box Culvert
N1,0.822,LRPSb,23.7027778,90.4504722,,CrossRoad,Intersection with Z1101
N1,1,LRP001,23.7021389,90.4519722,,KmPost,Km post missing
N1,2,LRP002,23.6978886,90.4605833,,KmPost,Km post missing
N1,2.13,LRP002a,23.6973608,90.4616667,,Culvert,Box culvert
N1,3,LRP003,23.693833,90.4691382,,KmPost,Km post missing
N1,4,LRP004,23.6936108,90.4787771,,KmPost,Km post missing
N1,4.175,LRP004a,23.6938052,90.4805271,,"SideRoad,Right",Road to Narayanganj(R111)
N1,5,LRP005,23.6947497,90.4884997,,KmPost,Km post missing
N1,6,LRP006,23.6959163,90.4981941,,KmPost,Km post missing
N1,7,LRP007,23.697333,90.50775,,KmPost,Km post missing
N1,7.181,LRP007a,23.6979163,90.5092778,,CrossRoad,"R110,Left to Demra, Right to Narayanganj"
N1,8,LRP008,23.7020556,90.5157222,,KmPost,Km post missing
N1,8.011,LRP008a,23.7021111,90.5157778,BS,Bridge,Kachpur bridge
N1,8.429,LRP008b,23.7045833,90.5188327,BE,Bridge,Bridge end
N1,8.503,LRP009,23.7050278,90.5193327,,KmPost,"Chittagong 251 km,Comilla 84 km"
N1,8.763,LRP009a,23.7060833,90.5215271,,"SideRoad,Left",Road to Sylhet (N2)
N1,9.503,LRP010,23.7025278,90.5273882,,KmPost,Km post missing
N1,9.615,LRP010a,23.7015278,90.5281938,,Culvert,Box culvert
N1,9.963,LRP010b,23.6998608,90.5307216,,Culvert,Box culvert
N1,10.377,LRP010c,23.6974163,90.5337774,,Culvert,Box culvert
N1,10.503,LRP011,23.6966386,90.5348052,,KmPost,Km post missing
N1,10.885,LRP011a,23.6943608,90.5376108,,Culvert,Box culvert
N1,11.313,LRP011b,23.6922774,90.5410552,,Culvert,Box culvert
N1,11.497,LRP012,23.6918052,90.5426108,,KmPost,"Chittagong 248 km,Comilla 81 km"
N1,11.745,LRP012a,23.6911108,90.5448886,BS,Bridge,Bridge start
N1,11.771,LRP012b,23.6910552,90.5451386,BE,Bridge,Bridge end
N1,11.936,LRP012c,23.6904163,90.546583,,"SideRoad,Right",Right to Syedpur (R113) left to Joydebpur N105)
N1,12.524,LRP013,23.6865274,90.5504167,,KmPost,"Ctg 247 km,Comilla 80 km"
N1,12.672,LRP013a,23.6854997,90.5512778,,Culvert,Box culvert
N1,13.524,LRP014,23.678166,90.5556111,,KmPost,Km post missing
N1,14.524,LRP015,23.670916,90.5597778,,KmPost,Km post missing
N1,14.563,LRP015a,23.6705827,90.5599722,,Culvert,Box culvert
N1,15.524,LRP016,23.6628333,90.5641111,,KmPost,Km post missing
N1,15.935,LRP016a,23.6604167,90.5671104,,"SideRoad,Right",Road to MinanbariZ1061)
N1,16.242,LRP016b,23.6591111,90.5697216,BS,Bridge,Langalbandhu bridge
N1,16.402,LRP016c,23.6583056,90.5709993,BE,Bridge,Bridge end
N1,16.524,LRP017,23.6575,90.5719716,,KmPost,Km post missing
N1,16.831,LRP017a,23.6559722,90.5743327,BS,Bridge,Bridge start
N1,16.852,LRP017b,23.6559167,90.5745271,BE,Bridge,Bridge end
N1,17.204,LRP017c,23.6540556,90.5772771,BS,Bridge,Bridge start
N1,17.234,LRP017d,23.6539167,90.5774993,BE,Bridge,Bridge end
N1,17.524,LRP018,23.6525278,90.5798882,,KmPost,Km post missing
N1,17.863,LRP018a,23.6508889,90.5826382,BS,Bridge,Bridge start
N1,17.904,LRP018b,23.6506944,90.5829993,BE,Bridge,Bridge end
N1,18.524,LRP019,23.6476108,90.588083,,KmPost,Km post missing
N1,18.878,LRP019a,23.6449441,90.5899163,,Culvert,Box culvert
N1,19.521,LRP019b,23.6397497,90.5926941,,Culvert,Box culvert
N1,19.524,LRP020,23.6396941,90.5927219,,KmPost,Km post missing
N1,20.044,LRP020a,23.6358608,90.5948052,,"SideRoad,Left",Left to Sonargaon (Z1089) Right to Morgrapara ( Z1066)
N1,20.342,LRP020b,23.6341108,90.5970274,BS,Bridge,Bridge start
N1,20.442,LRP020c,23.6335552,90.5976941,BE,Bridge,Bridge end
N1,20.524,LRP021,23.6330549,90.5982774,,KmPost,Km post missing
N1,21.499,LRP021a,23.6262771,90.6042222,,Culvert,Box culvert
N1,21.629,LRP022,23.6252216,90.6049722,,KmPost,"Ctg 238 km,Comilla 71 km"
N1,21.765,LRP022a,23.6242216,90.6055278,BS,Bridge,Bridge start
N1,21.993,LRP022b,23.6224993,90.6066944,BE,Bridge,Bridge end
N1,22.252,LRP022c,23.6204716,90.6079722,BS,Bridge,Bridge start
N1,22.374,LRP022d,23.6195271,90.6085833,BE,Bridge,Bridge end
N1,22.629,LRP023,23.6173604,90.6096944,,KmPost,Km post missing
N1,23.564,LRP023a,23.6095556,90.6121944,,Bridge,Meghna  bridge
N1,23.629,LRP024,23.609,90.6124722,,KmPost,Km post missing
N1,24.503,LRP024a,23.6018611,90.6159722,,Bridge,Bridge end
N1,24.629,LRP025,23.6009444,90.6165556,,KmPost,Km post missing
N1,25.629,LRP026,23.5959997,90.624666,,KmPost,Km post missing
N1,25.639,LRP026a,23.5959441,90.6246938,,Culvert,Box culvert
N1,26.313,LRP026b,23.5917497,90.6293327,,Culvert,Box culvert
N1,26.629,LRP027,23.5896108,90.6313882,,KmPost,Km post missing
N1,27.503,LRP027a,23.5837497,90.6369441,,Bridge,Bridge start
N1,27.629,LRP028,23.5828327,90.6378886,,KmPost,Km post missing
N1,27.668,LRP028a,23.5825827,90.6381386,BS,Bridge,Bridge end
N1,28.324,LRP028b,23.577916,90.6419719,BE,Bridge,Bridge start
N1,28.363,LRP028c,23.5776104,90.6421108,,Bridge,Bridge end
N1,28.759,LRP029,23.5745271,90.6436941,,KmPost,Information missing
N1,29.067,LRP029a,23.572166,90.6451108,BS,Bridge,Bridge start
N1,29.113,LRP029b,23.5718327,90.6453052,BE,Bridge,Bridge end
N1,29.759,LRP030,23.5666111,90.6481663,,KmPost,Km post missing
N1,30.127,LRP030a,23.5639167,90.6501944,BS,Bridge,Bridge start
N1,30.165,LRP030b,23.5636944,90.6504722,BE,Bridge,Bridge end
N1,30.697,LRP030c,23.5604167,90.6542222,BS,Bridge,Bridge start
N1,30.735,LRP030d,23.5602222,90.6545,BE,Bridge,Bridge end
N1,30.774,LRP031,23.5599722,90.6548056,,KmPost,"Ctg 229 km,Comilla 62 km"
N1,30.936,LRP031a,23.5590278,90.6559444,,"SideRoad,Right",Road to Gazara (Z1063)
N1,31.348,LRP031b,23.5564444,90.6588611,BS,Bridge,Bridge start
N1,31.388,LRP031c,23.5562222,90.6591389,BE,Bridge,Bridge end
N1,31.783,LRP032,23.5538056,90.6619722,,KmPost,"Ctg 228 km,Comilla 61 km"
N1,32.025,LRP032a,23.5523333,90.6636667,,Culvert,Box culvert
N1,32.607,LRP033,23.5487497,90.6678327,,KmPost,"Ctg 227 km,Comilla 60 km"
N1,32.831,LRP033a,23.5474163,90.6694438,BS,Bridge,Bridge start
N1,32.908,LRP033b,23.5469441,90.6699993,BE,Bridge,Bridge end
N1,33.351,LRP033c,23.5442219,90.6731104,,Culvert,Box culvert
N1,33.607,LRP034,23.542583,90.6749438,,KmPost,Km post missing
N1,34.607,LRP035,23.5362497,90.681916,,KmPost,Km post missing
N1,34.641,LRP035a,23.536083,90.6821382,BS,Bridge,Bridge start
N1,34.681,LRP035b,23.5358608,90.6823604,BE,Bridge,Bridge end
N1,34.956,LRP035c,23.5341386,90.6843052,,Culvert,Box culvert
N1,35.607,LRP036,23.5301938,90.688833,,KmPost,Km post missing
N1,36.271,LRP036a,23.529916,90.6952219,,Bridge,Daudkandi bridge
N1,36.607,LRP037,23.5301382,90.6984997,,KmPost,Km post missing
N1,37.607,LRP038,23.5307493,90.7082778,,KmPost,Km post missing
N1,37.685,LRP038a,23.5307771,90.7090278,,Bridge,Daudkandi bridge
N1,38.04,LRP038b,23.5313882,90.7153611,,Others / Others,Start of Comilla road Division / Start of Comilla road Division
N1,38.466,LRP038c,23.5314716,90.7172216,,"SideRoad,Right",Road to Matlab (Z1062)
N1,38.543,LRP038d,23.5315271,90.7173604,BS,Bridge,Bridge start
N1,38.56,LRP038e,23.5315827,90.7176104,BE,Bridge,Bridge end
N1,38.607,LRP039,23.5317216,90.7180271,,KmPost,Km post missing
N1,39.12,LRP039a,23.5322346,90.72262984,,Culvert,Box culvert
N1,39.607,LRP040,23.5327216,90.7269993,,KmPost,Km post missing
N1,40.607,LRP041,23.528916,90.7356108,,KmPost,Km post missing
N1,41.261,LRP042,23.5289993,90.7419441,,KmPost,Ctg 214 km
N1,42.228,LRP042a,23.5293882,90.7514167,BS,Bridge,Bridge start
N1,42.245,LRP042b,23.5293882,90.7515833,BE,Bridge,Bridge end
N1,42.269,LRP043,23.529416,90.75175,,KmPost,Km post broken
N1,43.269,LRP044,23.5299993,90.7615,,KmPost,Km post Missing
N1,44.269,LRP045,23.5304438,90.7713049,,KmPost,Km post Missing
N1,44.454,LRP045a,23.5304993,90.7731104,,Culvert,Box culvert
N1,45.269,LRP046,23.5308049,90.7811104,,KmPost,Km post Missing
N1,45.322,LRP046a,23.5307493,90.7816104,,"SideRoad,Right","Z1402, road to Pennai"
N1,45.388,LRP046b,23.530666,90.7821938,,"SideRoad,Left","Z1053, Road to Homna"
N1,46.161,LRP046c,23.5312216,90.7895552,,Culvert,Box culvert
N1,46.269,LRP047,23.531166,90.7907219,,KmPost,Km post Missing
N1,47.224,LRP047a,23.5306938,90.7924441,,"SideRoad,Right",Z1044
N1,47.269,LRP048,23.5308604,90.8002222,,KmPost,Km post Missing
N1,47.672,LRP048a,23.5308882,90.8041389,BS,Bridge,Bridge start
N1,47.692,LRP048b,23.530916,90.8043611,BE,Bridge,Bridge end
N1,48.269,LRP049,23.5316382,90.8099167,,KmPost,Km post Missing
N1,49.269,LRP050,23.5332493,90.8194716,,KmPost,Km post Missing
N1,49.863,LRP050a,23.5346663,90.8249716,BS,Bridge,Bridge start
N1,49.879,LRP050b,23.5347219,90.8251104,BE,Bridge,Bridge end
N1,50.269,LRP051,23.5344997,90.8287216,,KmPost,Km post Missing
N1,51.269,LRP052,23.5292216,90.8365274,,KmPost,Km post Missing
N1,51.636,LRP052a,23.5270549,90.8391386,,Culvert,Box culvert
N1,52.269,LRP053,23.523166,90.8438886,,KmPost,Km post Missing
N1,53.269,LRP054,23.5174993,90.8513889,,KmPost,Km post Missing
N1,54.269,LRP055,23.5170827,90.8607778,,KmPost,Km post Missing
N1,55.269,LRP056,23.5135833,90.8697771,,KmPost,Km post Missing
N1,55.333,LRP056a,23.5133056,90.8703049,BS,Bridge,Bridge start
N1,55.375,LRP056b,23.5131111,90.8706382,BE,Bridge,Bridge end
N1,55.477,LRP056c,23.5126667,90.871416,,"SideRoad,Left","Z1042, road to Bancharampur"
N1,56.269,LRP057,23.5088056,90.8778604,,KmPost,Km post Missing
N1,57.269,LRP058,23.506,90.8869163,,KmPost,Km post Missing
N1,58.191,LRP058a,23.5056111,90.8958886,,Culvert,Box culvert
N1,58.269,LRP059,23.5056389,90.8966108,,KmPost,Km post Missing
N1,59.269,LRP060,23.5062778,90.9063889,,KmPost,Km post Missing
N1,60.18,LRP060a,23.50575,90.91525,,Culvert,Box culvert
N1,60.269,LRP061,23.5057222,90.9160278,,KmPost,Km post Missing
N1,61.269,LRP062,23.5055278,90.9257216,,KmPost,Km post Missing
N1,62.269,LRP063,23.5042778,90.9354163,,KmPost,Km post Missing
N1,62.278,LRP063a,23.5043333,90.9354719,,"SideRoad,Left","Z1017, Road to Companiganj"
N1,62.542,LRP063b,23.5038611,90.9371386,,Culvert,Box culvert
N1,62.894,LRP063c,23.5028611,90.9412774,,Culvert,Box culvert
N1,63.269,LRP064,23.5020278,90.9448886,,KmPost,Km post Missing
N1,64.269,LRP065,23.4995274,90.9541667,,KmPost,Km post Missing
N1,65.269,LRP066,23.4986386,90.9651111,,KmPost,Km post Missing
N1,65.543,LRP066a,23.4980552,90.9660278,,Culvert,Box culvert
N1,65.726,LRP067,23.4972774,90.9674716,,KmPost,Ctg 191 km
N1,66.726,LRP068,23.4942219,90.9765549,,KmPost,Km post Missing
N1,67.42,LRP068a,23.4951386,90.9829993,,Culvert,Box culvert
N1,67.726,LRP069,23.4942497,90.985833,,KmPost,Km post Missing
N1,68.726,LRP070,23.4911386,90.9950274,,KmPost,Km post Missing
N1,69.616,LRP070a,23.4894441,91.0033056,,"SideRoad,Left",Road to Debiduar (Z1008)
N1,69.638,LRP070b,23.4893886,91.0034722,,"SideRoad,Right",Road to Jhalam (Z1022)
N1,69.709,LRP071,23.4896108,91.0043056,,KmPost,Ctg 188 km
N1,70.443,LRP072,23.4893052,91.0112778,,KmPost,"Ctg 188 km,Comilla 20 km"
N1,70.527,LRP072a,23.4890552,91.0120278,BS,Bridge,Bridge start
N1,70.557,LRP072b,23.4889441,91.01225,BE,Bridge,Bridge end
N1,70.755,LRP073,23.488333,91.0140833,,KmPost,Ctg 187 km
N1,71.775,LRP074,23.4846386,91.0229438,,KmPost,Km post missing
N1,72.775,LRP075,23.4827771,91.0321382,,KmPost,Km post missing
N1,73.688,LRP075a,23.481166,91.0404441,,Culvert,Box culvert
N1,73.829,LRP076,23.4814716,91.0419719,,KmPost,Ctg 184 km
N1,74.7,LRP076a,23.4820827,91.0504167,,Culvert,Box culvert
N1,74.829,LRP077,23.4821382,91.0516944,,KmPost,Km post missing
N1,75.589,LRP077a,23.4815271,91.0590278,,"SideRoad,Left",Road to Khangsanagar (Z1219) left road to Barua Z1028 right
N1,75.829,LRP078,23.4815549,91.0613611,,KmPost,Km post missing
N1,76.829,LRP079,23.4801104,91.0706382,,KmPost,Km post missing
N1,77.773,LRP079a,23.4770827,91.0789993,,Culvert,Box culvert
N1,77.829,LRP080,23.4770271,91.0794716,,KmPost,Km post missing
N1,78.829,LRP081,23.4781938,91.0889997,,KmPost,Km post missing
N1,79.829,LRP082,23.4775549,91.0986663,,KmPost,Km post missing
N1,80.342,LRP082a,23.4778604,91.1036111,,Culvert,Box culvert
N1,80.829,LRP083,23.4779993,91.1055278,,KmPost,Km post missing
N1,81.801,LRP083a,23.4789438,91.1177216,,Culvert,Box culvert
N1,81.829,LRP084,23.4789716,91.1179993,,KmPost,Km post missing
N1,81.846,LRP084a,23.4789716,91.118166,,"SideRoad,Left",Road to Brahmanbaria(N102)
N1,82.393,LRP084b,23.4793327,91.1234716,,Culvert,Box culvert
N1,82.829,LRP085,23.4800827,91.1276382,,KmPost,Km post missing
N1,83.829,LRP086,23.4767216,91.1364441,,KmPost,Km post missing
N1,84.829,LRP087,23.4682216,91.1394441,,KmPost,Km post missing
N1,85.829,LRP088,23.4595833,91.1421386,,KmPost,Km post missing
N1,85.897,LRP088a,23.459,91.142333,,CrossRoad,Cross road Z1029
N1,86.829,LRP089,23.4513056,91.1460552,,KmPost,Km post missing
N1,87.132,LRP089a,23.448833,91.1471386,BS,Bridge,Bridge start
N1,87.156,LRP089b,23.4486386,91.1472497,BE,Bridge,Bridge end
N1,87.366,LRP089c,23.4469441,91.1481386,,CrossRoad,Cross Road with Z1052
N1,87.829,LRP090,23.4425274,91.1497774,,KmPost,Km post missing
N1,88.513,LRP091,23.4373886,91.1521944,,KmPost,Ctg 170 km
N1,89.513,LRP092,23.4288882,91.1553889,,KmPost,Km post missing
N1,90.493,LRP093,23.4236938,91.1626944,,KmPost,Ctg 168 km
N1,90.521,LRP093a,23.4235827,91.1629722,BS,Bridge,Bridge start
N1,90.558,LRP093b,23.423416,91.1632778,BE,Bridge,Bridge end
N1,91.066,LRP093c,23.4213604,91.167666,,RailRoadCrossing,Rail Road Crossing
N1,91.493,LRP094,23.4195271,91.171416,,KmPost,Km post missing
N1,91.583,LRP094a,23.4191382,91.1721938,,CrossRoad,Left to Comilla Right to Noakhali
N1,92.121,LRP095,23.4149444,91.1801382,,KmPost,"Ctg 66 km,Feni 52 km"
N1,92.632,LRP095a,23.4131111,91.1846663,BS,Bridge,Bridge start
N1,92.66,LRP095b,23.4130556,91.1849163,BE,Bridge,Bridge end
N1,93.121,LRP096,23.4125,91.1893886,,KmPost,Km post missing
N1,94.129,LRP097,23.4113056,91.1988886,,KmPost,Ctg 164 km
N1,95.156,LRP098,23.4100833,91.2087778,,KmPost,Ctg 163 km
N1,95.193,LRP098a,23.4100278,91.2090833,,Culvert,Box culvert
N1,96.173,LRP099,23.4048056,91.2165278,,KmPost,Ctg 162 km
N1,96.345,LRP099a,23.40375,91.2176382,BS,Bridge,Bridge start
N1,96.374,LRP099b,23.4035556,91.2178049,BE,Bridge,Bridge end
N1,97.173,LRP100,23.39821345,91.22288777,,KmPost,Km post missing
N1,98.173,LRP101,23.3915274,91.2292493,,KmPost,Km post missing
N1,98.183,LRP101a,23.3914441,91.2293049,,Culvert,Box culvert
N1,99.075,LRP101b,23.385083,91.2345552,,Culvert,Box culvert
N1,99.09,LRP101c,23.3849719,91.2346108,,Culvert,Box culvert
N1,99.173,LRP102,23.3843886,91.2351108,,KmPost,Km post missing
N1,100.071,LRP102a,23.3779716,91.2403608,BS,Bridge,Bridge start
N1,100.101,LRP102b,23.3777493,91.2405274,BE,Bridge,Bridge end
N1,100.173,LRP103,23.377166,91.2409163,,KmPost,Km post missing
N1,101.173,LRP104,23.3695827,91.2462774,,KmPost,Km post missing
N1,101.344,LRP104a,23.3683327,91.2471108,,Culvert,Box culvert
N1,102.248,LRP105,23.3615278,91.2515556,,KmPost,"Ctg 156 km,Feni 43 km"
N1,102.614,LRP105a,23.3586389,91.25325,BS,Bridge,Bridge start
N1,102.638,LRP105b,23.3584444,91.2533333,BE,Bridge,Bridge end
N1,103.248,LRP106,23.3536944,91.2561389,,KmPost,Km post missing
N1,103.935,LRP106a,23.3486386,91.2599444,,Culvert,Box culvert
N1,104.248,LRP107,23.3463608,91.2616944,,KmPost,Km post missing
N1,105.248,LRP108,23.3390552,91.2672216,,KmPost,Km post missing
N1,105.692,LRP108a,23.3360274,91.2700549,BS,Bridge,Bridge start
N1,105.736,LRP108b,23.3357219,91.2703049,BE,Bridge,Bridge end
N1,105.879,LRP108c,23.3347219,91.271166,,"SideRoad,Right",Road to Harishchar (Z1046)
N1,106.248,LRP109,23.3321938,91.2734716,,KmPost,Km post missing
N1,107.248,LRP110,23.3246382,91.278666,,KmPost,Km post missing
N1,107.321,LRP110a,23.324166,91.2791104,BS,Bridge,Bridge start
N1,107.331,LRP110b,23.3240827,91.279166,BE,Bridge,Bridge end
N1,108.248,LRP111,23.3171382,91.2836941,,KmPost,Km post missing
N1,108.518,LRP111a,23.3149444,91.2844719,BS,Bridge,Bridge start
N1,108.537,LRP111b,23.31475,91.2845552,BE,Bridge,Bridge end
N1,109.135,LRP111c,23.3096389,91.2861386,,Culvert,Box culvert
N1,109.248,LRP112,23.3086944,91.2864163,,KmPost,Km post missing
N1,109.795,LRP112a,23.30425,91.288583,,Culvert,Box culvert
N1,110.248,LRP113,23.3006111,91.290333,,KmPost,Km post missing
N1,110.767,LRP113a,23.296083,91.2914997,BS,Bridge,Bridge start
N1,110.781,LRP113b,23.2959719,91.2915274,BE,Bridge,Bridge end
N1,111.248,LRP114,23.2919163,91.2922219,,KmPost,Km post missing
N1,111.75,LRP114a,23.2876663,91.2936386,,Culvert,Box culvert
N1,112.248,LRP115,23.283583,91.2952219,,KmPost,Km post missing
N1,113.022,LRP115a,23.2787216,91.3002778,,Culvert,Box culvert
N1,113.248,LRP116,23.2768882,91.3011944,,KmPost,Km post missing
N1,114.248,LRP117,23.2686382,91.3049722,,KmPost,Km post missing
N1,114.364,LRP117a,23.2677493,91.3054722,,Culvert,Box culvert
N1,114.641,LRP117b,23.2654444,91.3064444,,Culvert,Box culvert
N1,114.844,LRP117c,23.2636667,91.30675,,Culvert,Box culvert
N1,115.248,LRP118,23.2601111,91.3072778,,KmPost,Km post missing
N1,115.404,LRP118a,23.2587222,91.3074444,,Culvert,Box culvert
N1,116.248,LRP119,23.2511944,91.3086389,,KmPost,Km post missing
N1,116.422,LRP119a,23.249833,91.3091944,,Culvert,Box culvert
N1,116.608,LRP119b,23.248333,91.3098056,BS,Bridge,Bridge start
N1,116.631,LRP119c,23.2481663,91.3098889,BE,Bridge,Bridge end
N1,116.978,LRP119d,23.2452774,91.3110556,,Culvert,Box culvert
N1,117.248,LRP120,23.243083,91.3119167,,KmPost,Km post missing
N1,117.411,LRP120a,23.2416941,91.3123611,,Culvert,Box culvert
N1,118.228,LRP120b,23.2344997,91.3131667,,Culvert,Box culvert
N1,118.248,LRP121,23.2343052,91.3131667,,KmPost,Km post missing
N1,118.563,LRP121a,23.2314993,91.3132222,,Culvert,Box culvert
N1,119.011,LRP121b,23.2275549,91.3135278,,Culvert,Box culvert
N1,119.248,LRP122,23.2253882,91.3135833,,KmPost,Km post missing
N1,119.698,LRP122a,23.221416,91.3137222,,"SideRoad,Right",Road to Bangadda (Z1045)
N1,120.026,LRP122b,23.2184993,91.3143889,,Culvert,Box culvert
N1,120.248,LRP123,23.2165556,91.3149167,,KmPost,Km post missing
N1,120.966,LRP123a,23.2103056,91.3157222,,Culvert,Box culvert
N1,121.248,LRP124,23.2078889,91.3159722,,KmPost,Km post missing
N1,122.019,LRP124a,23.201,91.3168049,,Culvert,Box culvert
N1,122.248,LRP125,23.1990274,91.3170549,,KmPost,Km post missing
N1,123.113,LRP125a,23.1921108,91.3185549,,Culvert,Box culvert
N1,123.248,LRP126,23.1909997,91.3192493,,KmPost,Km post missing
N1,123.771,LRP126a,23.1866941,91.3212493,BS,Bridge,Bridge start
N1,123.783,LRP126b,23.1866108,91.3212771,BE,Bridge,Bridge end
N1,124.248,LRP127,23.1826382,91.3210827,,KmPost,Km post missing
N1,124.862,LRP127a,23.1773604,91.3198049,,Culvert,Box culvert
N1,125.377,LRP128,23.172916,91.3205271,,KmPost,Ctg 133 km
N1,125.923,LRP128a,23.1681382,91.3213604,BS,Bridge,Bridge start
N1,125.937,LRP128b,23.1680549,91.3213604,BE,Bridge,Bridge end
N1,126.377,LRP129,23.1641389,91.3214993,,KmPost,Km post missing
N1,127.169,LRP129a,23.1571667,91.3224993,,Culvert,Box culvert
N1,127.377,LRP130,23.1554167,91.3232771,,KmPost,Km post missing
N1,128.009,LRP130a,23.1496941,91.3254993,,"SideRoad,Right",Road to Nangolhat (Z1048)
N1,128.278,LRP130b,23.1480274,91.3264993,,Culvert,Box culvert
N1,128.377,LRP131,23.1471663,91.3266938,,KmPost,Km post missing
N1,128.798,LRP131a,23.1433886,91.326666,,Culvert,Box culvert
N1,129.377,LRP132,23.1382219,91.3263049,,KmPost,Km post missing
N1,129.479,LRP132a,23.1374163,91.3264716,,Culvert,Box culvert
N1,130.377,LRP133,23.1295827,91.3284993,,KmPost,Km post missing
N1,130.447,LRP133a,23.1290827,91.3287216,,Culvert,Box culvert
N1,131.122,LRP133b,23.1234993,91.3311382,,Culvert,Box culvert
N1,131.377,LRP134,23.1213327,91.3320549,,KmPost,Km post missing
N1,131.625,LRP134a,23.1193049,91.3329993,,Culvert,Box culvert
N1,131.653,LRP135,23.1191382,91.3330827,,KmPost,"Ctg 127 km,Feni 16 km"
N1,132.653,LRP136,23.1113611,91.3378052,,KmPost,Km post missing
N1,132.728,LRP136a,23.1108056,91.3381386,,Culvert,Box culvert
N1,133.448,LRP136b,23.1051111,91.3413608,,Culvert,Box culvert
N1,133.653,LRP137,23.1035,91.3422497,,KmPost,Km post missing
N1,134.021,LRP137a,23.1005833,91.3437774,,Culvert,Box culvert
N1,134.571,LRP137b,23.0961941,91.3461108,,Culvert,Box culvert
N1,134.653,LRP138,23.095583,91.3464441,,KmPost,Km post missing
N1,135.341,LRP138a,23.0901108,91.3494163,,Culvert,Box culvert
N1,135.653,LRP139,23.0876108,91.3508889,,KmPost,Km post missing
N1,135.998,LRP139a,23.0849719,91.3524722,,Culvert,Box culvertt
N1,136.525,LRP139b,23.0808049,91.3548611,BS,Bridge,Bridge start
N1,136.542,LRP139c,23.0806938,91.3549444,BE,Bridge,Bridge end
N1,136.735,LRP140,23.0792493,91.3558333,,KmPost,Ctg 122 km
N1,137.501,LRP140a,23.0732493,91.3594167,,Culvert,Box culvert
N1,137.735,LRP141,23.0712493,91.3599722,,KmPost,Km post missing
N1,138.01,LRP141a,23.0688604,91.3607222,,Others / Others,Start of Feni road Division / Start of Feni road Division
N1,138.621,LRP141b,23.0636944,91.3616389,,Culvert,Box Culvert
N1,138.639,LRP142,23.0635278,91.3616389,,KmPost,Ctg 103 km
N1,138.869,LRP142a,23.0614722,91.3616667,,"SideRoad,Right",Road to Karerhat (Z1031)
N1,139.751,LRP143,23.0538611,91.3637222,,KmPost,Ctg 102 km
N1,140.251,LRP143a,23.0479441,91.3651389,,CrossRoad,Z1031
N1,140.772,LRP144,23.0449719,91.3653611,,KmPost,Ctg 101 km
N1,140.968,LRP144a,23.0427774,91.3654444,,Culvert,Box culvert
N1,141.304,LRP144b,23.0398052,91.3656111,,RailRoadCrossing,Rail Road Crossing
N1,141.772,LRP145,23.0360274,91.36575,,KmPost,Km post missing
N1,142.507,LRP145a,23.029416,91.3656389,,Culvert,Box culvert
N1,142.794,LRP146,23.0269716,91.3655,,KmPost,"Ctg 99 km,Feni 3 km"
N1,143.034,LRP146a,23.0248327,91.3655278,,"SideRoad,Right",Road to Biroli (Z1030)
N1,143.795,LRP147,23.0193604,91.3697771,,KmPost,"Ctg 98 km,Feni 2 km"
N1,143.946,LRP147a,23.0185271,91.3708327,,Culvert,Box culvert
N1,144.67,LRP147b,23.0140833,91.3759716,,Culvert,Box culvert
N1,144.795,LRP148,23.0132778,91.3769438,,KmPost,Km post missing
N1,145.409,LRP148a,23.0095556,91.3813604,,CrossRoad / KmPost,Intersection with N104 / Km post missing
N1,146.816,LRP150,23.0018889,91.3920552,,KmPost,Ctg 95 km
N1,147.816,LRP151,22.9963886,91.3998052,,KmPost,Km post missing
N1,147.901,LRP151a,22.9961941,91.4005,BS,Bridge,Bridge start
N1,147.924,LRP151b,22.9960552,91.4006667,BE,Bridge,Bridge end
N1,148.841,LRP152,22.9906941,91.4072222,,KmPost,"Ctg 93 km,Lalpole 1 km"
N1,149.289,LRP152a,22.9877774,91.41,,"SideRoad,Left",Road to Feni Town (Z1034)
N1,149.585,LRP152b,22.9858886,91.4120556,,"SideRoad,Right",Road to Sonagazi (Z1034)
N1,149.841,LRP153,22.9842219,91.4137222,,KmPost,Ctg 91 km
N1,150.892,LRP154,22.9774438,91.4205827,,KmPost,Ctg 91 km
N1,151.892,LRP155,22.9711382,91.4273882,,KmPost,Km post missing
N1,152.892,LRP156,22.9663333,91.4356108,,KmPost,Km post missing
N1,153.672,LRP156a,22.9624167,91.4416941,BS,Bridge,Bridge start
N1,153.781,LRP156b,22.9618056,91.4424997,BE,Bridge,Bridge end
N1,153.892,LRP157,22.9611667,91.4433886,,KmPost,Km post missing
N1,154.935,LRP158,22.9561389,91.4517778,,KmPost,Ctg 87 km
N1,155.935,LRP159,22.9514444,91.4600278,,KmPost,Km post missing
N1,156.947,LRP160,22.9479997,91.4689993,,KmPost,"Ctg 85 km,Bairyahat 10 km"
N1,157.685,LRP160a,22.9483608,91.4761382,,"SideRoad,Left",Road to Mounshirhat (Z1081)
N1,157.947,LRP161,22.9484997,91.4786938,,KmPost,Km post missing
N1,158.955,LRP162,22.9497497,91.4883608,,KmPost,Ctg 83 km
N1,159.955,LRP163,22.9497774,91.4980274,,KmPost,Km post missing
N1,160.243,LRP163a,22.9496663,91.5007778,BS,Bridge,Bridge start
N1,160.454,LRP163b,22.949583,91.5027778,BE,Bridge,Bridge end
N1,160.963,LRP164,22.9482774,91.50725,,KmPost,Ctg 81 kkm
N1,161.582,LRP164a,22.9439441,91.5108611,,"SideRoad,Left",Road to Chhagalnaiya (Z1032)
N1,161.963,LRP165,22.940833,91.5124444,,KmPost,Km post missing
N1,162.963,LRP166,22.9329716,91.5172216,,KmPost,Km post missing
N1,163.963,LRP167,22.9248882,91.5213327,,KmPost,Km post missing
N1,164.963,LRP168,22.9167216,91.5253882,,KmPost,Km post missing
N1,165.097,LRP168a,22.9156667,91.5259438,BS,Bridge,Bridge start
N1,165.325,LRP168b,22.9138056,91.5268604,BE,Bridge / Bridge,Bridge end/Start of Chittagong Road Division / Bridge end/Start of Chittagong Road Division
N1,165.963,LRP169,22.9085833,91.5294993,,KmPost,Km post missing
N1,166.427,LRP169a,22.9046667,91.5314438,,Culvert,Box culvert
N1,166.963,LRP170,22.9003333,91.5333608,,KmPost,Km post missing
N1,167.046,LRP170a,22.8994441,91.5336108,,Others,End of Bituminous Pavment
N1,167.683,LRP170b,22.8939997,91.5346941,,"SideRoad,Left",Road to Karerhat (R151)
N1,167.796,LRP170c,22.8929719,91.5350274,,Others,Start of Bituminious Pavement
N1,167.9,LRP170d,22.8921663,91.5353052,,Culvert,Box culvert
N1,167.963,LRP171,22.8916386,91.5354719,,KmPost,Km post missing
N1,168.963,LRP172,22.8829993,91.5381663,,KmPost / Culvert,Km post missing / Box culvert
N1,169.878,LRP172b,22.875166,91.5407219,,Culvert,Box culvert
N1,169.963,LRP173,22.8744438,91.5409719,,KmPost,Km post missing
N1,170.125,LRP173a,22.8731382,91.5414441,,Culvert,Box culvert
N1,170.681,LRP173b,22.868416,91.5431663,,Culvert,Box culvert
N1,170.963,LRP174,22.8661111,91.5439997,,KmPost,Km post missing
N1,171.539,LRP174a,22.86111772,91.54512585,,Culvert,Box culvert
N1,171.716,LRP174b,22.8595833,91.5454719,,Culvert,Box culvert
N1,171.963,LRP175,22.8575556,91.5456386,,KmPost,Km post missing
N1,172.128,LRP175a,22.856,91.5457219,,Culvert,Box culvert
N1,172.241,LRP175b,22.8550556,91.545833,,Culvert,Box culvert
N1,172.963,LRP176,22.8486663,91.5463608,,KmPost,Km post missing
N1,172.98,LRP176a,22.8485274,91.5463886,BS,Bridge,Bridge start
N1,172.99,LRP176b,22.8484441,91.5464163,BE,Bridge,Bridge end
N1,173.37,LRP176c,22.8452219,91.5475274,,Culvert,Box culvert
N1,173.61,LRP176d,22.8432497,91.5482219,,Culvert,Box culvert
N1,173.963,LRP177,22.8401941,91.5490552,,KmPost,Km post missing
N1,174.277,LRP177a,22.8372497,91.5492497,,Culvert,Pipe culvert
N1,174.963,LRP178,22.8313882,91.5503611,,KmPost,Km post missing
N1,175.835,LRP178a,22.8239438,91.5528333,,Culvert,Box culvert
N1,175.963,LRP179,22.8228049,91.5531389,,KmPost,Km post missing
N1,176.963,LRP180,22.8141389,91.5555833,,KmPost,Km post missing
N1,177.303,LRP180a,22.8110556,91.5563889,,Culvert,Box culvert
N1,177.709,LRP180b,22.808,91.5579167,,Culvert,Box culvert
N1,177.961,LRP180c,22.8059722,91.5589167,,Culvert,Box culvert
N1,177.963,LRP181,22.8059444,91.5589167,,KmPost,Km post missing
N1,178.118,LRP181a,22.8045833,91.5591111,,Culvert,Box culvert
N1,178.963,LRP182,22.7974719,91.5613611,,KmPost,Km post missing
N1,179.456,LRP182a,22.7934163,91.5633333,,Culvert,Box Culvert
N1,179.928,LRP182b,22.7896108,91.5654444,,Culvert,Box culvert
N1,179.963,LRP183,22.7893608,91.5655833,,KmPost,Km post missing
N1,180.957,LRP183a,22.7813327,91.5695271,,Bridge,Bridge start
N1,180.963,LRP184,22.7812216,91.5695827,,KmPost,Km post missing
N1,180.978,LRP184a,22.7811382,91.5696382,,Bridge,Bridge end
N1,181.464,LRP184b,22.7771104,91.5713327,,"SideRoad,Left",Road to Narayanhat (Z1021)
N1,181.939,LRP184c,22.7732771,91.5733604,,Culvert,Box culvert
N1,181.963,LRP185,22.7730271,91.5734716,,KmPost,Km post missing
N1,182.432,LRP185a,22.7693604,91.5756104,,Culvert,Box culvert
N1,182.434,LRP185b,22.7661944,91.5779993,,Culvert,Box culvert
N1,182.963,LRP186,22.7654722,91.5785549,,KmPost,Km post missing
N1,183.416,LRP186a,22.7621944,91.5811382,,Culvert,Box culvert
N1,183.963,LRP187,22.7585278,91.5845274,,KmPost,Km post missing
N1,184.783,LRP187a,22.7526389,91.5893608,BS,Bridge,Bridge start
N1,184.806,LRP187b,22.7525,91.5894719,BE,Bridge,Bridge end
N1,184.963,LRP188,22.7513333,91.5903608,,KmPost,Km post missing
N1,185.195,LRP188a,22.7496386,91.5916386,,Culvert,Box culvert
N1,185.963,LRP189,22.7435552,91.5949163,,KmPost,Km post missing
N1,185.995,LRP189a,22.7433052,91.5950274,,Culvert,Box culvert
N1,186.963,LRP190,22.7349997,91.5979441,,KmPost,Km post missing
N1,186.975,LRP190a,22.7349163,91.5979719,,Culvert,Box culvert
N1,187.963,LRP191,22.7263882,91.6007778,,KmPost,Km post missing
N1,188.502,LRP191a,22.7221104,91.6030833,,Culvert,Box culvert
N1,188.963,LRP192,22.7185549,91.6053056,,KmPost,Km post missing
N1,189.223,LRP192a,22.7165556,91.6065556,,Culvert,Box culvert
N1,189.298,LRP192b,22.716,91.6069167,,Culvert,Box culvert
N1,189.513,LRP193,22.7143889,91.6079444,,KmPost,"Ctg 52 km,Sitakhada 12 km"
N1,189.769,LRP193a,22.7124167,91.6090556,,Culvert,Box culvert
N1,190.376,LRP193b,22.7076111,91.6118056,,Culvert,Box Culvert
N1,190.513,LRP194,22.7065556,91.6123611,,KmPost,Km post missing
N1,190.581,LRP194a,22.706,91.6126944,,Culvert,Box culvert
N1,190.923,LRP194b,22.7033056,91.6142222,,Culvert,Box culvert
N1,191.304,LRP194c,22.7002222,91.6157778,,Culvert,Box culvert
N1,191.524,LRP195,22.6984997,91.616666,,KmPost,"Ctg 50 km,Sitakanda 10 km"
N1,192.308,LRP195a,22.6919719,91.6198604,,Culvert,Box culvert
N1,192.524,LRP196,22.6904163,91.6205271,,KmPost,Km post missing
N1,192.622,LRP196a,22.689583,91.6208327,,Culvert,Box culvert
N1,193.166,LRP196b,22.685083,91.6228327,,Culvert,Box culvert
N1,193.483,LRP197,22.6825549,91.6241938,,KmPost,"Ctg 48 km,Sitakanda 8 km"
N1,194.153,LRP197a,22.6769438,91.6268327,,Culvert,Box culvert
N1,194.384,LRP197b,22.6751382,91.6274438,,Culvert,Box culvert
N1,194.483,LRP198,22.6743049,91.6277493,,KmPost,Km post missing
N1,194.603,LRP198a,22.6733049,91.6280827,,"SideRoad,Left",Road to Haidchokia (Z1086)
N1,194.734,LRP198b,22.6722493,91.6285271,,Culvert,Box culvert
N1,195.24,LRP198c,22.6678604,91.6301104,,Culvert,Box culvert
N1,195.61,LRP199,22.6649167,91.6315549,,KmPost,"Ctg 46 km,Sitakanda 6 km"
N1,195.748,LRP199a,22.6638333,91.6321382,,Culvert,Box culvert
N1,196.288,LRP199b,22.6596667,91.6347219,,Culvert,Box culvert
N1,196.61,LRP200,22.6571389,91.636333,,KmPost,Km post missing
N1,196.967,LRP200a,22.6543889,91.6381386,,Culvert,Box culvert
N1,197.176,LRP200b,22.6527778,91.6391663,,Culvert,Box culvert
N1,197.587,LRP201,22.6494997,91.640833,,KmPost,"Ctg 44 km,Sitakanda 4 km"
N1,197.654,LRP201a,22.6489997,91.6411108,,Culvert,Box culvert
N1,198.117,LRP201b,22.6452774,91.6430552,,Culvert,Box culvert
N1,198.587,LRP202,22.641583,91.6451108,,KmPost,Km post missing
N1,199.561,LRP202a,22.6338608,91.6494719,,Culvert,Box culvert
N1,199.648,LRP203,22.6330827,91.649833,,KmPost,"Ctg 42 km,Sitakanda 2 km"
N1,199.783,LRP203a,22.6320271,91.6503889,,Culvert,Box culvert
N1,200.565,LRP203b,22.625916,91.6541389,,Culvert,Box culvert
N1,200.648,LRP204,22.6252216,91.6545278,,KmPost,Km post missing
N1,200.867,LRP204a,22.6234716,91.6553056,,Culvert,Box culvert
N1,201.2,LRP204b,22.6206938,91.6563611,,Culvert,Box culvert
N1,201.363,LRP204c,22.6194993,91.6568889,BS,Bridge,Bridge start
N1,201.383,LRP204d,22.6180271,91.6578333,BE,Bridge / Culvert,Bridge end / Box culvert
N1,201.636,LRP204f,22.6175271,91.65825,,Culvert,Box culvert
N1,201.727,LRP205,22.6169716,91.65875,,KmPost,"Ctg 40 km,Sitakanda 0 km"
N1,201.743,LRP205a,22.6168604,91.6588611,,Culvert,Box culvert
N1,202.355,LRP205b,22.6123889,91.6622222,,Culvert,Box culvert
N1,202.727,LRP206,22.6094444,91.6638333,,KmPost,Km post missing
N1,202.799,LRP206a,22.6088889,91.6641111,,Culvert,Box culvert
N1,203.751,LRP207,22.6015833,91.6688327,,KmPost,Ctg 38 km
N1,203.881,LRP207a,22.601,91.6692771,,Culvert,Box culvert
N1,203.996,LRP207b,22.6000556,91.6699438,,Culvert,Box culvert
N1,204.045,LRP207c,22.5994441,91.6703049,,Culvert,Box culvert
N1,204.726,LRP207d,22.5942219,91.6737771,,Culvert,Box culvert
N1,204.751,LRP208,22.5939997,91.6738327,,KmPost,Km post missing
N1,205.159,LRP208a,22.5907497,91.6754716,,Culvert,Box culvert
N1,205.916,LRP209,22.584583,91.6780827,,KmPost,Info.Missing
N1,206.033,LRP209a,22.5836663,91.6784716,BS,Bridge,Bridge start
N1,206.059,LRP209b,22.5834997,91.6785827,BE,Bridge,Bridge end
N1,206.402,LRP209c,22.580666,91.6799438,,"SideRoad,Left",Road to Katirhat (Z1087)
N1,206.733,LRP209d,22.5779438,91.6811382,,Culvert,Box culvert
N1,206.916,LRP210,22.5763604,91.6818049,,KmPost,Km post missing
N1,207.293,LRP210a,22.5731938,91.6830827,BS,Bridge,Bridge start
N1,207.311,LRP210b,22.5730549,91.6831938,BE,Bridge,Bridge end
N1,207.916,LRP211,22.5679716,91.6846941,,KmPost,Km post missing
N1,208.094,LRP211a,22.5664722,91.6851663,,Culvert,Box culvert
N1,208.369,LRP211b,22.5641389,91.6859163,BS,Bridge,Bridge start
N1,208.383,LRP211c,22.564,91.6859441,BE,Bridge,Bridge end
N1,208.6,LRP211d,22.5624722,91.6863608,,Culvert,Box culvert
N1,208.916,LRP212,22.5594444,91.6872219,,KmPost,Km post missing
N1,209.855,LRP213,22.5514167,91.6896941,,KmPost,Ctg 32 km
N1,209.999,LRP213a,22.5503056,91.6902774,BS,Bridge,Bridge start
N1,210.03,LRP213b,22.5501667,91.6903886,BE,Bridge,Bridge end
N1,210.855,LRP214,22.5438886,91.6945274,,KmPost,Km post missing
N1,210.974,LRP214a,22.5428608,91.6950274,,Culvert,Box culvert
N1,211.856,LRP215,22.5354997,91.6979441,,KmPost,Ctg 30 km
N1,211.946,LRP215a,22.5347774,91.698333,,Culvert,Box culvert
N1,212.856,LRP216,22.5273049,91.7019444,,KmPost,Km post missing
N1,213.813,LRP216a,22.519416,91.7053611,BS,Bridge,Bridge start
N1,213.831,LRP216b,22.51926541,91.70540328,BE,Bridge,Bridge end
N1,213.896,LRP217,22.5187216,91.7055556,,KmPost,Ctg 28 km
N1,214.172,LRP217a,22.5165556,91.7065833,BS,Bridge,Bridge start
N1,214.217,LRP217b,22.5161667,91.70675,BE,Bridge,Bridge end
N1,214.399,LRP217c,22.5147222,91.7074444,,Culvert,Box culvert
N1,214.593,LRP217d,22.5131389,91.7080833,BS,Bridge,Bridge start
N1,214.634,LRP217e,22.5127778,91.7082222,BE,Bridge,Bridge end
N1,214.896,LRP218,22.5106111,91.7090833,,KmPost,Km post missing
N1,215.04,LRP218a,22.5094444,91.7096389,BS,Bridge,Bridge start
N1,215.052,LRP218b,22.5093611,91.7096944,BE,Bridge,Bridge end
N1,215.291,LRP218c,22.5074444,91.7105556,BS,Bridge,Bridge start
N1,215.309,LRP218d,22.5073056,91.7106389,BE,Bridge,Bridge end
N1,215.839,LRP218e,22.503,91.7128056,,Culvert,Box culvert
N1,215.896,LRP219,22.5025556,91.7130556,,KmPost,Km post missing
N1,216.581,LRP219a,22.4969163,91.7155556,BS,Bridge,Bridge start
N1,216.6,LRP219b,22.4968052,91.7156389,BE,Bridge,Bridge end
N1,216.896,LRP220,22.494583,91.7170827,,KmPost,Km post missing
N1,217.783,LRP220a,22.4869441,91.7192771,,Culvert,Box culvert
N1,217.957,LRP221,22.4854163,91.7195549,,KmPost,Ctg 24 km
N1,218.254,LRP221a,22.48280707,91.720051,,Culvert,Box culvert
N1,218.855,LRP221b,22.4775271,91.7210549,BS,Bridge,Bridge start
N1,218.88,LRP221c,22.4773049,91.7211104,BE,Bridge,Bridge end
N1,218.969,LRP222,22.4765271,91.7213327,,KmPost,Info.Missing
N1,219.852,LRP222a,22.4694438,91.7250549,,Culvert,Box culvert
N1,219.988,LRP223,22.468416,91.7255827,,KmPost,Ctg 22 km
N1,220.988,LRP224,22.4603056,91.7295827,,KmPost,Km post missing
N1,221.172,LRP224a,22.4588333,91.7303604,BS,Bridge,Bridge start
N1,221.198,LRP224b,22.4586389,91.7304716,BE,Bridge,Bridge end
N1,222.006,LRP225,22.4518235,91.7331283,,KmPost,Info.Missing
N1,223.006,LRP226,22.4433886,91.7364163,,KmPost,Km post missing
N1,223.11,LRP226a,22.4424997,91.7366663,BS,Bridge,Bridge start
N1,223.141,LRP226b,22.4422219,91.7367497,BE,Bridge,Bridge end
N1,224.066,LRP227,22.4349719,91.7396941,,KmPost,Km post missing
N1,224.203,LRP227a,22.4333049,91.7403608,,Culvert,Box culvert
N1,224.514,LRP227b,22.4307493,91.7415274,BS,Bridge,Bridge start
N1,224.557,LRP227c,22.4304438,91.7417219,BE,Bridge,Bridge end
N1,225.006,LRP228,22.4269716,91.7439997,,KmPost,Km post missing
N1,226.006,LRP229,22.4198882,91.7497774,,KmPost,Km post missing
N1,226.171,LRP229a,22.4185549,91.7504722,BS,Bridge,Bridge start
N1,226.209,LRP229b,22.4182771,91.7506667,BE,Bridge,Bridge end
N1,227.006,LRP230,22.4119167,91.7543611,,KmPost,Km post missing
N1,227.206,LRP230a,22.4101111,91.7544444,,Others,End of Bituminous Pavement
N1,227.412,LRP230b,22.4084167,91.7551389,,Culvert,Box culvert
N1,227.414,LRP230c,22.40839921,91.75514358,,Others,Start of Bituminous Pavement
N1,228.006,LRP231,22.4032222,91.7565278,,KmPost,Km post missing
N1,228.406,LRP231a,22.3996108,91.7573333,,"SideRoad,Right",Road to Biman Bandar (Z1016)
N1,228.51,LRP231b,22.3988608,91.7576667,BS,Bridge,Bridge start
N1,228.517,LRP231c,22.3988052,91.7576667,BE,Bridge,Bridge end
N1,229.006,LRP232,22.3944997,91.7586944,,KmPost,Km post missing
N1,229.065,LRP232a,22.3937774,91.7588056,,"SideRoad,Right","N111, Port Connecting Road"
N1,229.282,LRP232b,22.3921108,91.75925,,Culvert,Box culvert
N1,229.633,LRP232c,22.3892497,91.7605,BS,Bridge,Bridge start
N1,229.692,LRP232d,22.3887497,91.7607222,BE,Bridge,Bridge end
N1,230.006,LRP233,22.3861663,91.7618333,,KmPost,Km post missing
N1,230.631,LRP233a,22.3815271,91.7652222,,Culvert,Box culvert
N1,231.006,LRP234,22.379166,91.7675827,,KmPost,Km post missing
N1,231.442,LRP234a,22.3764716,91.770416,BS,Bridge,Bridge start
N1,231.461,LRP234b,22.37622549,91.77054327,BE,Bridge,Bridge end
N1,232.006,LRP235,22.369166,91.7741938,,KmPost,Km post missing
N1,232.561,LRP235a,22.3691382,91.777666,,Others,End of Bituminous Road
N1,232.754,LRP235b,22.3586667,91.7822771,,Others,The chittagong city area starts from Alongka cinema Hall
